<?xml version="1.0" encoding="UTF-8" standalone="no"?>
	<featureModel>
		<properties/>
		<struct>
			<and abstract="true" mandatory="true" name="PrivacyDesingStrategies">
				<and abstract="true" name="Minimize">
					<and name="Exclude">
						<feature name="ProtectionAgainstTracking"/>
					</and>
					<feature name="Select"/>
					<and name="Strip">
						<feature name="StripInvisibleMetadata"/>
						<feature name="Authentication"/>
					</and>
					<feature name="Destroy"/>
				</and>
				<and abstract="true" name="Hide">
					<and name="Restrict">
						<alt name="Authorisation">
							<and name="U-Prove">
								<feature mandatory="true" name="BlindSignatureProtocol"/>
							</and>
							<and name="Idemix">
								<feature mandatory="true" name="ZeroKnowledge"/>
							</and>
							<feature name="RBAC"/>
						</alt>
						<feature name="AggregationGateway"/>
						<feature name="AnonymousReputation-basedBlacklisting"/>
					</and>
					<and name="Mix">
						<alt name="AnonymitySet">
							<feature name="MixZones"/>
							<feature name="MixMaster"/>
							<feature name="MixMinion"/>
						</alt>
						<feature name="OnionRouting"/>
					</and>
					<and name="Obfuscate">
						<feature name="Added-noiseMeasurementObfuscation"/>
						<feature name="EncryptionUserManagedKeys"/>
						<feature name="UseOfDummies"/>
					</and>
					<and name="Dissociate">
						<feature name="PseudonymousIdentity"/>
						<feature name="PseudonymousMessaging"/>
					</and>
				</and>
				<and abstract="true" name="Separate">
					<and name="Distribute">
						<feature name="PrivateLink"/>
					</and>
					<and name="Isolate">
						<feature name="PersonalDataStore"/>
						<feature name="UserDataConfinementPattern"/>
					</and>
				</and>
				<and abstract="true" name="Abstract">
					<and name="Summarize">
						<feature name="StatisticalDisclosureControl"/>
					</and>
					<and name="Group">
						<feature name="LocationGranularity"/>
					</and>
				</and>
				<and abstract="true" name="Inform">
					<and name="Supply">
						<feature name="PolicyMatchingDisplay"/>
						<feature name="PrivacyAwareNetworkClient"/>
						<feature name="PrivacyDashboard"/>
						<feature name="PrivacyIcons"/>
					</and>
					<and name="Notify">
						<feature name="AmbientNotice"/>
						<feature name="AsynchronousNotice"/>
						<feature name="DataBreachNotificationPattern"/>
						<feature name="HandlingUnusualAccountActivitiesByMultipleFactors"/>
					</and>
					<and name="Explain">
						<feature name="LayeredPolicyDesign"/>
						<feature name="PrivacyAwareNetworkClinet"/>
						<feature name="PrivacyColorCoding"/>
					</and>
				</and>
				<and abstract="true" name="Control">
					<and name="Consent">
						<alt name="SignAnAgreement">
							<feature name="JITCTA"/>
							<feature name="DADAs"/>
							<feature name="PLA"/>
						</alt>
						<feature name="IncentivizedParticipation"/>
					</and>
					<and name="Choose">
						<feature name="PayBack"/>
						<feature name="BuddyList"/>
						<feature name="DiscouragingBlanketStrategies"/>
						<feature name="Negotiation"/>
						<feature name="SinglePointofContact"/>
					</and>
					<and name="Update">
						<feature name="Reciprocity"/>
						<feature name="ActiveBroadcast"/>
						<feature name="ModifyFunctions"/>
					</and>
					<and name="Retract">
						<feature name="Masquerade"/>
					</and>
				</and>
				<and abstract="true" name="Enforce">
					<and name="Create">
						<feature name="FederatedPrivacyImpactAssessment"/>
					</and>
					<and name="Maintain">
						<feature name="Agreement"/>
					</and>
					<and name="Uphold">
						<feature name="DoNotTrackPattern"/>
						<feature name="ObligationManagement"/>
						<feature name="StickyPolicies"/>
					</and>
				</and>
				<and abstract="true" name="Demonstrate">
					<and name="Log">
						<and name="SecureLogger">
							<feature mandatory="true" name="Cipher"/>
							<feature mandatory="true" name="Signature"/>
							<feature mandatory="true" name="UUIDGenerator"/>
						</and>
					</and>
					<and name="Audit">
						<feature name="AuditInceptor"/>
					</and>
					<and name="Report">
						<feature name="DisseminationOfPrivacyProgramInformation"/>
					</and>
				</and>
			</and>
		</struct>
		<constraints>
			<rule>
				<imp>
					<var>AnonymitySet</var>
					<var>OnionRouting</var>
				</imp>
			</rule>
			<rule>
				<eq>
					<var>AnonymitySet</var>
					<not>
						<var>Notify</var>
					</not>
				</eq>
			</rule>
			<rule>
				<imp>
					<var>IncentivizedParticipation</var>
					<var>PayBack</var>
				</imp>
			</rule>
			<rule>
				<imp>
					<var>IncentivizedParticipation</var>
					<var>Reciprocity</var>
				</imp>
			</rule>
			<rule>
				<imp>
					<var>Authorisation</var>
					<var>Authentication</var>
				</imp>
			</rule>
		</constraints>
		<calculations Auto="true" Constraints="true" Features="true" Redundant="true" Tautology="true"/>
		<comments/>
		<featureOrder userDefined="false"/>
	</featureModel>
